<?xml version="1.0" encoding="UTF-8"?>
<project-private xmlns="http://www.netbeans.org/ns/project-private/1">
    <editor-bookmarks xmlns="http://www.netbeans.org/ns/editor-bookmarks/2" lastBookmarkId="0"/>
    <open-files xmlns="http://www.netbeans.org/ns/projectui-open-files/2">
        <group>
            <file>file:/C:/aplikasikesehatan/2310020061kesehatan/src/kesehatan/frameDokter.java</file>
            <file>file:/C:/aplikasikesehatan/2310020061kesehatan/src/kesehatan/frameInput_User.java</file>
            <file>file:/C:/aplikasikesehatan/2310020061kesehatan/src/kesehatan/frameKunjungan.java</file>
            <file>file:/C:/aplikasikesehatan/2310020061kesehatan/src/kesehatan/frameLogin.java</file>
            <file>file:/C:/aplikasikesehatan/2310020061kesehatan/src/kesehatan/framePasien.java</file>
            <file>file:/C:/aplikasikesehatan/2310020061kesehatan/src/kesehatan/framePoliklinik.java</file>
            <file>file:/C:/aplikasikesehatan/2310020061kesehatan/src/kesehatan/Kesehatan.java</file>
            <file>file:/C:/aplikasikesehatan/2310020061kesehatan/src/kesehatan/Input_User.java</file>
            <file>file:/C:/aplikasikesehatan/2310020061kesehatan/src/kesehatan/Kunjungan.java</file>
            <file>file:/C:/aplikasikesehatan/2310020061kesehatan/src/kesehatan/Pasien.java</file>
            <file>file:/C:/aplikasikesehatan/2310020061kesehatan/src/kesehatan/Login.java</file>
            <file>file:/C:/aplikasikesehatan/2310020061kesehatan/src/kesehatan/dokter.java</file>
            <file>file:/C:/aplikasikesehatan/2310020061kesehatan/src/kesehatan/Poliklinik.java</file>
            <file>file:/C:/aplikasikesehatan/2310020061kesehatan/src/kesehatan/frameKesehatan.java</file>
        </group>
    </open-files>
</project-private>
